,任务ID,状态,URL,文件路径,创建时间,更新时间
0,6,✅,https://sns-video-bd.xhscdn.com/spectrum/1040g0jg31d1n8vqj08005p6kjoo0bppod1lq6bo,,2025-04-03 02:26:43,2025-04-03 02:30:39
1,7,✅,https://sns-video-bd.xhscdn.com/spectrum/1040g35831cv464gu080g5p6kjoo0bppo2dr85i0,,2025-04-03 02:26:43,2025-04-03 02:34:28
2,8,✅,https://sns-video-bd.xhscdn.com/spectrum/1040g35831d1i1uga12005p6kjoo0bppo42toll8,,2025-04-03 02:26:43,2025-04-03 02:33:47
3,9,✅,https://ci.xiaohongshu.com/spectrum/1040g34o31djajsd7gc0g5p6kjoo0bppopn16s2g?imageView2/format/png,/Volumes/Travors1TWDSSD/Dev/Pic_2_txt/data/downloads/1040g34o31djajsd7gc0g5p6kjoo0bppopn16s2g_1743647204.png,2025-04-03 02:26:43,2025-04-03 02:27:07
4,10,✅,https://ci.xiaohongshu.com/spectrum/1040g34o31djam6thh2005p6kjoo0bppoqa1j5m0?imageView2/format/png,/Volumes/Travors1TWDSSD/Dev/Pic_2_txt/data/downloads/1040g34o31djam6thh2005p6kjoo0bppoqa1j5m0_1743647206.png,2025-04-03 02:26:43,2025-04-03 02:27:56
5,11,✅,https://ci.xiaohongshu.com/spectrum/1040g34o31djbbehg120g5p6kjoo0bppos7l1o0g?imageView2/format/png,/Volumes/Travors1TWDSSD/Dev/Pic_2_txt/data/downloads/1040g34o31djbbehg120g5p6kjoo0bppos7l1o0g_1743647205.png,2025-04-03 02:26:43,2025-04-03 02:27:32
6,12,✅,https://ci.xiaohongshu.com/spectrum/1040g0k031djb7ltd08005p6kjoo0bppogqo0kfo?imageView2/format/png,/Volumes/Travors1TWDSSD/Dev/Pic_2_txt/data/downloads/1040g0k031djb7ltd08005p6kjoo0bppogqo0kfo_1743647206.png,2025-04-03 02:26:43,2025-04-03 02:27:25
7,13,✅,https://sns-video-bd.xhscdn.com/spectrum/1040g0jg31diec152ge005p6kjoo0bppop0mupp8,,2025-04-03 02:26:43,2025-04-03 02:35:19
8,14,✅,https://sns-video-bd.xhscdn.com/spectrum/1040g35831dnj8nr0g80g5p6kjoo0bppo2flffig,,2025-04-03 02:26:43,2025-04-03 02:31:32
9,15,✅,https://sns-video-bd.xhscdn.com/spectrum/1040g35831d1lds1sh60g5p6kjoo0bppoh0tghe0,,2025-04-03 02:26:43,2025-04-03 02:35:21
10,16,✅,https://sns-video-bd.xhscdn.com/spectrum/1040g35831djp33us160g5p6kjoo0bppoeljee38,,2025-04-03 02:26:43,2025-04-03 02:35:03
11,17,✅,https://sns-video-bd.xhscdn.com/spectrum/1040g35831e0itu62gc105p6kjoo0bppotj4vmqg,,2025-04-03 02:26:43,2025-04-03 02:35:30
12,18,✅,https://sns-video-bd.xhscdn.com/spectrum/1040g0jg31doq23pf08005p6kjoo0bppokmd2r78,,2025-04-03 02:26:43,2025-04-03 02:37:10
13,19,✅,https://sns-video-bd.xhscdn.com/spectrum/1040g35031e1ohvkq12105p6kjoo0bppoepht1a0,,2025-04-03 02:26:43,2025-04-03 02:39:05
14,20,✅,https://sns-video-bd.xhscdn.com/spectrum/1040g35031dpvuld90c005p6kjoo0bppob4nq8i0,,2025-04-03 02:26:43,2025-04-03 02:37:51
15,21,✅,https://ci.xiaohongshu.com/spectrum/1040g34o31drb646ege0g5p6kjoo0bppola98p98?imageView2/format/png,/Volumes/Travors1TWDSSD/Dev/Pic_2_txt/data/downloads/1040g34o31drb646ege0g5p6kjoo0bppola98p98_1743647205.png,2025-04-03 02:26:43,2025-04-03 02:26:52
16,22,✅,https://ci.xiaohongshu.com/spectrum/1040g0k031drb65rfh6005p6kjoo0bppori6n9io?imageView2/format/png,/Volumes/Travors1TWDSSD/Dev/Pic_2_txt/data/downloads/1040g0k031drb65rfh6005p6kjoo0bppori6n9io_1743647212.png,2025-04-03 02:26:43,2025-04-03 02:27:14
17,23,✅,https://ci.xiaohongshu.com/spectrum/1040g34o31drb67hu080g5p6kjoo0bppob7lk7ko?imageView2/format/png,/Volumes/Travors1TWDSSD/Dev/Pic_2_txt/data/downloads/1040g34o31drb67hu080g5p6kjoo0bppob7lk7ko_1743647227.png,2025-04-03 02:26:43,2025-04-03 02:27:45
18,24,✅,https://ci.xiaohongshu.com/spectrum/1040g34o31drb690i0c0g5p6kjoo0bppo65v8cpg?imageView2/format/png,/Volumes/Travors1TWDSSD/Dev/Pic_2_txt/data/downloads/1040g34o31drb690i0c0g5p6kjoo0bppo65v8cpg_1743647235.png,2025-04-03 02:26:43,2025-04-03 02:27:21
19,25,✅,https://ci.xiaohongshu.com/spectrum/1040g0k031drb6aing8005p6kjoo0bppokvd1pmo?imageView2/format/png,/Volumes/Travors1TWDSSD/Dev/Pic_2_txt/data/downloads/1040g0k031drb6aing8005p6kjoo0bppokvd1pmo_1743647242.png,2025-04-03 02:26:43,2025-04-03 02:29:21
20,26,✅,https://ci.xiaohongshu.com/spectrum/1040g34o31e5c5nsb0c005p6kjoo0bppo6te0ko8?imageView2/format/png,/Volumes/Travors1TWDSSD/Dev/Pic_2_txt/data/downloads/1040g34o31e5c5nsb0c005p6kjoo0bppo6te0ko8_1743647245.png,2025-04-03 02:26:43,2025-04-03 02:27:57
21,27,✅,https://ci.xiaohongshu.com/spectrum/1040g34o31e5cccpn0e1g5p6kjoo0bppok5ee4uo?imageView2/format/png,/Volumes/Travors1TWDSSD/Dev/Pic_2_txt/data/downloads/1040g34o31e5cccpn0e1g5p6kjoo0bppok5ee4uo_1743647253.png,2025-04-03 02:26:43,2025-04-03 02:27:43
22,28,✅,https://ci.xiaohongshu.com/spectrum/1040g0k031e5cd4ot0e005p6kjoo0bppopuof8kg?imageView2/format/png,/Volumes/Travors1TWDSSD/Dev/Pic_2_txt/data/downloads/1040g0k031e5cd4ot0e005p6kjoo0bppopuof8kg_1743647264.png,2025-04-03 02:26:43,2025-04-03 02:28:51
23,29,✅,https://ci.xiaohongshu.com/spectrum/1040g34o31e5cccpn0e105p6kjoo0bppogbuik0g?imageView2/format/png,/Volumes/Travors1TWDSSD/Dev/Pic_2_txt/data/downloads/1040g34o31e5cccpn0e105p6kjoo0bppogbuik0g_1743647266.png,2025-04-03 02:26:43,2025-04-03 02:27:54
24,30,✅,https://sns-video-bd.xhscdn.com/spectrum/1040g35831e4bkvpq120g5p6kjoo0bppoejfd7ho,,2025-04-03 02:26:43,2025-04-03 02:37:14
25,31,✅,https://sns-video-bd.xhscdn.com/spectrum/1040g0jg31e5k09vnge705p6kjoo0bppof7e0ft8,,2025-04-03 02:26:43,2025-04-03 02:37:19
26,32,✅,https://sns-video-bd.xhscdn.com/spectrum/1040g0jg31e33odvmh6005p6kjoo0bppopk9ph4o,,2025-04-03 02:26:43,2025-04-03 02:43:09
27,33,✅,https://sns-video-bd.xhscdn.com/spectrum/1040g35831e5n1b7l0e805p6kjoo0bppomb67m30,,2025-04-03 02:26:43,2025-04-03 02:41:23
28,34,✅,https://sns-video-bd.xhscdn.com/spectrum/1040g0jg31edfvq2c16005p6kjoo0bppoi41061o,,2025-04-03 02:26:43,2025-04-03 02:41:35
29,35,✅,https://sns-video-bd.xhscdn.com/spectrum/1040g35831eaiktugg80g5p6kjoo0bppofoabq18,,2025-04-03 02:26:43,2025-04-03 02:41:38
30,36,✅,https://sns-video-bd.xhscdn.com/spectrum/1040g2f031een518908005p6kjoo0bppoddnpp0o,,2025-04-03 02:26:43,2025-04-03 02:41:20
31,37,✅,https://ci.xiaohongshu.com/spectrum/1040g34o31eajkinb0c0g5p6kjoo0bppogmitu5g?imageView2/format/png,/Volumes/Travors1TWDSSD/Dev/Pic_2_txt/data/downloads/1040g34o31eajkinb0c0g5p6kjoo0bppogmitu5g_1743647274.png,2025-04-03 02:26:43,2025-04-03 02:28:25
32,38,✅,https://ci.xiaohongshu.com/spectrum/1040g0k031enbcpl15q105p6kjoo0bppo1aj6r68?imageView2/format/png,/Volumes/Travors1TWDSSD/Dev/Pic_2_txt/data/downloads/1040g0k031enbcpl15q105p6kjoo0bppo1aj6r68_1743647277.png,2025-04-03 02:26:43,2025-04-03 02:28:10
33,39,✅,https://ci.xiaohongshu.com/spectrum/1040g0k031enbcpl15q0g5p6kjoo0bppo0b1eq2g?imageView2/format/png,/Volumes/Travors1TWDSSD/Dev/Pic_2_txt/data/downloads/1040g0k031enbcpl15q0g5p6kjoo0bppo0b1eq2g_1743647280.png,2025-04-03 02:26:43,2025-04-03 02:28:11
34,40,✅,https://ci.xiaohongshu.com/spectrum/1040g0k031enbcpl15q005p6kjoo0bppo4qa12lo?imageView2/format/png,/Volumes/Travors1TWDSSD/Dev/Pic_2_txt/data/downloads/1040g0k031enbcpl15q005p6kjoo0bppo4qa12lo_1743647290.png,2025-04-03 02:26:43,2025-04-03 02:28:56
35,41,✅,https://sns-video-bd.xhscdn.com/spectrum/1040g35831ec2bgpjh2105p6kjoo0bppo3usrcag,,2025-04-03 02:26:43,2025-04-03 02:59:52
36,42,✅,https://sns-video-bd.xhscdn.com/spectrum/1040g35031el3ogos4q0g5p6kjoo0bppocdcr300,,2025-04-03 02:26:43,2025-04-03 02:46:15
37,43,✅,https://sns-video-bd.xhscdn.com/spectrum/1040g35831eijtfg60c105p6kjoo0bppols9e92g,,2025-04-03 02:26:43,2025-04-03 02:43:34
38,44,✅,https://ci.xiaohongshu.com/spectrum/1040g34o31enb1uvh5u0g5p6kjoo0bpporv3nsq8?imageView2/format/png,/Volumes/Travors1TWDSSD/Dev/Pic_2_txt/data/downloads/1040g34o31enb1uvh5u0g5p6kjoo0bpporv3nsq8_1743647292.png,2025-04-03 02:26:43,2025-04-03 02:28:23
39,45,✅,https://ci.xiaohongshu.com/spectrum/1040g34o31enbdv465o2g5p6kjoo0bppouda9evg?imageView2/format/png,/Volumes/Travors1TWDSSD/Dev/Pic_2_txt/data/downloads/1040g34o31enbdv465o2g5p6kjoo0bppouda9evg_1743647304.png,2025-04-03 02:26:43,2025-04-03 02:28:47
40,46,✅,https://ci.xiaohongshu.com/spectrum/1040g34o31enbdv465o205p6kjoo0bpporh45948?imageView2/format/png,/Volumes/Travors1TWDSSD/Dev/Pic_2_txt/data/downloads/1040g34o31enbdv465o205p6kjoo0bpporh45948_1743647306.png,2025-04-03 02:26:43,2025-04-03 02:28:45
41,47,✅,https://ci.xiaohongshu.com/spectrum/1040g34o31enbdv465o1g5p6kjoo0bppo3if4cbo?imageView2/format/png,/Volumes/Travors1TWDSSD/Dev/Pic_2_txt/data/downloads/1040g34o31enbdv465o1g5p6kjoo0bppo3if4cbo_1743647325.png,2025-04-03 02:26:43,2025-04-03 02:29:16
42,48,✅,https://sns-video-bd.xhscdn.com/spectrum/1040g35831eiglfd4ge005p6kjoo0bppooja53ko,,2025-04-03 02:26:43,2025-04-03 02:43:04
43,49,✅,https://sns-video-bd.xhscdn.com/spectrum/1040g35831ejt3kve0c005p6kjoo0bppohttafa8,,2025-04-03 02:26:43,2025-04-03 02:46:13
44,50,✅,https://sns-video-bd.xhscdn.com/spectrum/1040g2f031est81qbm0005p6kjoo0bppotssm770,,2025-04-03 02:26:43,2025-04-03 02:48:55
45,51,✅,https://sns-video-bd.xhscdn.com/spectrum/1040g35831ern4uto6q105p6kjoo0bppof0sa6ko,,2025-04-03 02:26:43,2025-04-03 02:57:52
46,52,✅,https://ci.xiaohongshu.com/spectrum/1040g0k031esms661lu005p6kjoo0bpposhrrudg?imageView2/format/png,/Volumes/Travors1TWDSSD/Dev/Pic_2_txt/data/downloads/1040g0k031esms661lu005p6kjoo0bpposhrrudg_1743647328.png,2025-04-03 02:26:43,2025-04-03 02:29:06
47,53,✅,https://ci.xiaohongshu.com/spectrum/1040g0k031esms661lu1g5p6kjoo0bppo1bt8ru8?imageView2/format/png,/Volumes/Travors1TWDSSD/Dev/Pic_2_txt/data/downloads/1040g0k031esms661lu1g5p6kjoo0bppo1bt8ru8_1743647331.png,2025-04-03 02:26:43,2025-04-03 02:29:43
48,54,✅,https://ci.xiaohongshu.com/spectrum/1040g0k031esms661lu105p6kjoo0bppohjej05o?imageView2/format/png,/Volumes/Travors1TWDSSD/Dev/Pic_2_txt/data/downloads/1040g0k031esms661lu105p6kjoo0bppohjej05o_1743647336.png,2025-04-03 02:26:43,2025-04-03 02:29:05
49,55,✅,https://ci.xiaohongshu.com/spectrum/1040g0k031esms661lu0g5p6kjoo0bppopblukc0?imageView2/format/png,/Volumes/Travors1TWDSSD/Dev/Pic_2_txt/data/downloads/1040g0k031esms661lu0g5p6kjoo0bppopblukc0_1743647346.png,2025-04-03 02:26:43,2025-04-03 02:29:18
50,56,✅,https://sns-video-bd.xhscdn.com/spectrum/1040g2f031enp68tgm0005p6kjoo0bppoc87lsp8,,2025-04-03 02:26:43,2025-04-03 02:48:44
51,57,✅,https://sns-video-bd.xhscdn.com/spectrum/1040g0jg31erel0dklo005p6kjoo0bppo7mdb380,,2025-04-03 02:26:43,2025-04-03 02:49:34
52,58,✅,https://sns-video-bd.xhscdn.com/spectrum/1040g35831f0fckibmm0g5p6kjoo0bppolbmstho,,2025-04-03 02:26:43,2025-04-03 03:03:46
53,59,✅,https://sns-video-bd.xhscdn.com/spectrum/1040g2f031f5qs2ct6q005p6kjoo0bppo645cf80,,2025-04-03 02:26:43,2025-04-03 03:02:21
54,60,✅,https://sns-video-bd.xhscdn.com/spectrum/1040g35831f78mmb8mq0g5p6kjoo0bppofp3t0a0,,2025-04-03 02:26:43,2025-04-03 03:02:17
55,61,✅,https://sns-video-bd.xhscdn.com/spectrum/1040g0jg31eu6kepe5u005p6kjoo0bppo9b1gm50,,2025-04-03 02:26:43,2025-04-03 03:04:37
56,62,✅,https://sns-video-bd.xhscdn.com/spectrum/1040g2f031evfgidm5s005p6kjoo0bppof57fudg,,2025-04-03 02:26:43,2025-04-03 03:18:37
57,63,✅,https://sns-video-bd.xhscdn.com/spectrum/1040g2f031f8g9brtmm005p6kjoo0bppofkmolko,,2025-04-03 02:26:43,2025-04-03 03:06:41
58,64,✅,https://ci.xiaohongshu.com/spectrum/1040g34o31f9o22ckls305p6kjoo0bppo2n2ns40?imageView2/format/png,/Volumes/Travors1TWDSSD/Dev/Pic_2_txt/data/downloads/1040g34o31f9o22ckls305p6kjoo0bppo2n2ns40_1743647347.png,2025-04-03 02:26:43,2025-04-03 02:30:04
59,65,✅,https://ci.xiaohongshu.com/spectrum/1040g34o31f9o22ckls2g5p6kjoo0bppou7q7p6o?imageView2/format/png,/Volumes/Travors1TWDSSD/Dev/Pic_2_txt/data/downloads/1040g34o31f9o22ckls2g5p6kjoo0bppou7q7p6o_1743647356.png,2025-04-03 02:26:43,2025-04-03 02:29:32
60,66,✅,https://ci.xiaohongshu.com/spectrum/1040g34o31f9o22ckls3g5p6kjoo0bppov9at91g?imageView2/format/png,/Volumes/Travors1TWDSSD/Dev/Pic_2_txt/data/downloads/1040g34o31f9o22ckls3g5p6kjoo0bppov9at91g_1743647358.png,2025-04-03 02:26:43,2025-04-03 02:29:31
61,67,✅,https://ci.xiaohongshu.com/spectrum/1040g34o31f9o22ckls205p6kjoo0bppo1k91clg?imageView2/format/png,/Volumes/Travors1TWDSSD/Dev/Pic_2_txt/data/downloads/1040g34o31f9o22ckls205p6kjoo0bppo1k91clg_1743647362.png,2025-04-03 02:26:43,2025-04-03 02:29:56
62,68,✅,https://sns-video-bd.xhscdn.com/spectrum/1040g35831fg6t61u76105p6kjoo0bppontd7lpo,,2025-04-03 02:26:43,2025-04-03 03:05:20
63,69,✅,https://sns-video-bd.xhscdn.com/spectrum/1040g35831f9op1936q105p6kjoo0bppoj6j7be8,,2025-04-03 02:26:43,2025-04-03 03:19:05
64,70,✅,https://sns-video-bd.xhscdn.com/spectrum/1040g2f031fetmai45s005p6kjoo0bppo2biabtg,,2025-04-03 02:26:43,2025-04-03 03:12:28
65,71,✅,https://ci.xiaohongshu.com/spectrum/1040g34o31fhedtp5ne0g5p6kjoo0bppo20vefs8?imageView2/format/png,/Volumes/Travors1TWDSSD/Dev/Pic_2_txt/data/downloads/1040g34o31fhedtp5ne0g5p6kjoo0bppo20vefs8_1743647372.png,2025-04-03 02:26:43,2025-04-03 02:29:39
66,72,✅,https://ci.xiaohongshu.com/spectrum/1040g34o31fhee6uj7gb05p6kjoo0bppon6595u0?imageView2/format/png,/Volumes/Travors1TWDSSD/Dev/Pic_2_txt/data/downloads/1040g34o31fhee6uj7gb05p6kjoo0bppon6595u0_1743647373.png,2025-04-03 02:26:43,2025-04-03 02:29:52
67,73,✅,https://ci.xiaohongshu.com/spectrum/1040g34o31fhee6uj7g9g5p6kjoo0bppo5r1ic70?imageView2/format/png,/Volumes/Travors1TWDSSD/Dev/Pic_2_txt/data/downloads/1040g34o31fhee6uj7g9g5p6kjoo0bppo5r1ic70_1743647380.png,2025-04-03 02:26:43,2025-04-03 02:29:45
68,74,✅,https://ci.xiaohongshu.com/spectrum/1040g34o31fhee6uj7gbg5p6kjoo0bppou3bq96g?imageView2/format/png,/Volumes/Travors1TWDSSD/Dev/Pic_2_txt/data/downloads/1040g34o31fhee6uj7gbg5p6kjoo0bppou3bq96g_1743647383.png,2025-04-03 02:26:43,2025-04-03 02:29:55
69,75,✅,https://ci.xiaohongshu.com/spectrum/1040g34o31fhee6uj7ga05p6kjoo0bppovdmp3j0?imageView2/format/png,/Volumes/Travors1TWDSSD/Dev/Pic_2_txt/data/downloads/1040g34o31fhee6uj7ga05p6kjoo0bppovdmp3j0_1743647387.png,2025-04-03 02:26:43,2025-04-03 02:30:03
70,76,✅,https://ci.xiaohongshu.com/spectrum/1040g34o31fhee6uj7gag5p6kjoo0bpposlg2550?imageView2/format/png,/Volumes/Travors1TWDSSD/Dev/Pic_2_txt/data/downloads/1040g34o31fhee6uj7gag5p6kjoo0bpposlg2550_1743647392.png,2025-04-03 02:26:43,2025-04-03 02:30:06
71,77,✅,https://ci.xiaohongshu.com/spectrum/1040g34o31fhf4ihq7i0g5p6kjoo0bppo40e559o?imageView2/format/png,/Volumes/Travors1TWDSSD/Dev/Pic_2_txt/data/downloads/1040g34o31fhf4ihq7i0g5p6kjoo0bppo40e559o_1743647395.png,2025-04-03 02:26:43,2025-04-03 02:30:02
72,78,✅,https://sns-video-bd.xhscdn.com/spectrum/1040g35831fmkrp597k0g5p6kjoo0bppogmsjrvg,,2025-04-03 02:26:43,2025-04-03 03:16:11
73,79,✅,https://sns-video-bd.xhscdn.com/spectrum/1040g0jg31fntqhhr7i005p6kjoo0bpposquq12g,,2025-04-03 02:26:43,2025-04-03 03:20:57
74,80,✅,https://sns-video-bd.xhscdn.com/spectrum/1040g0jg31fp894cfnk005p6kjoo0bppo5ntljg0,,2025-04-03 02:26:43,2025-04-03 03:18:25
75,1,✅,https://sns-webpic-qc.xhscdn.com/202504012147/bd64f8d0f3e5da034fcd0ad9f2d8737d/notes_pre_post/1040g3k831fo195mgnq0049oe20gbo36l96ci1v0!nd_dft_wlteh_webp_3,/Volumes/Travors1TWDSSD/Dev/Pic_2_txt/data/downloads/1040g3k831fo195mgnq0049oe20gbo36l96ci1v0!nd_dft_wlteh_webp_3_1743570313.webp,2025-04-02 05:05:12,2025-04-02 05:05:14
76,2,✅,https://sns-video-bd.xhscdn.com/pre_post/1040g2t031fo2032b06005n6b20fkdeqdep2vmvo,,2025-04-02 05:05:12,2025-04-02 05:05:28
77,3,✅,https://sns-video-bd.xhscdn.com/pre_post/1040g0cg31fhgdpf7g2e05ol1nhp6t6kkjnlho0g,,2025-04-02 05:05:12,2025-04-02 05:05:17
78,4,✅,https://sns-webpic-qc.xhscdn.com/202504012147/60f1d336b3298edbb981c47f7fe1bdcc/1040g00831fni9cppg20g5p5a4m275dm44j7su2o!nd_dft_wlteh_webp_3,/Volumes/Travors1TWDSSD/Dev/Pic_2_txt/data/downloads/1040g00831fni9cppg20g5p5a4m275dm44j7su2o!nd_dft_wlteh_webp_3_1743570312.webp,2025-04-02 05:05:12,2025-04-02 05:05:14
79,5,✅,https://sns-webpic-qc.xhscdn.com/202504012147/1352fd2859c5749f9bada206dba8c652/1040g00831fni9cppg2005p5a4m275dm4h2gag70!nd_dft_wlteh_webp_3,/Volumes/Travors1TWDSSD/Dev/Pic_2_txt/data/downloads/1040g00831fni9cppg2005p5a4m275dm4h2gag70!nd_dft_wlteh_webp_3_1743570313.webp,2025-04-02 05:05:12,2025-04-02 05:05:16
