user_id,nickname,avatar,ip_location,add_ts,last_modify_ts,note_id,type,title,desc,video_url,time,last_update_time,liked_count,collected_count,comment_count,share_count,image_list,tag_list,note_url,source_keyword
67b5976a000000000e01d0f1,momo,https://sns-avatar-qc.xhscdn.com/avatar/1040g2jo31el04e8g526g5ptlitl3jk7h0ab4g20,江苏,1742823607022,1742823606902,67e1166c000000001c00d7f0,normal,瞬间对Trading的兴趣爆棚! ! !,"[派对R][派对R][派对R]在金融领域，人工智能的应用正逐渐改变投资决策的方式。这一个项目“AI Hedge Fund”为我们提供了一个极具启发性的案例。这个项目是一个概念验证，旨在通过人工智能技术来模拟对冲基金的交易决策过程。它以教育和研究为目的，而非用于实际的交易或投资。
	
[哇R][哇R][哇R]项目的核心是一个由多种“代理”组成的系统，每个代理都模拟了一种特定的投资策略或分析方法。例如，有以价值投资著称的“本·格雷厄姆代理”，它专注于寻找具有安全边际的隐藏宝石；还有以激进投资风格闻名的“比尔·阿克曼代理”，它敢于大胆建仓并推动变革。此外，还有“凯西·伍德代理”，它代表了对创新和颠覆性力量的信仰；以及“查理·芒格代理”，它追求以合理价格购买优质企业。
	
[害羞R][害羞R][害羞R]除了这些以知名投资者命名的代理外，系统还包括了“估值代理”，用于计算股票的内在价值并生成交易信号；“情绪代理”，分析市场情绪并据此做出交易决策；“基本面代理”，深入研究公司的财务数据；“技术分析代理”，通过技术指标来寻找交易机会；以及“风险管理代理”和“投资组合管理代理”，分别负责风险控制和最终的投资组合决策。
	
[赞R][赞R][赞R]这个项目通过模拟这些不同的投资策略和分析方法，展示了人工智能如何整合多方面的信息和逻辑，从而为投资决策提供支持。它不仅让我们看到了人工智能在金融领域的潜力，也提醒我们，在实际应用中，需要谨慎对待技术的局限性和市场的不确定性。
	
#AI科普[话题]# #Transformer[话题]# #深度学习[话题]# #NLP[话题]# #科技创新[话题]##自注意力机制[话题]# #自然语言处理[话题]# #深度学习[话题]#＃计算机视觉 #图像分割[话题]##机器学习[话题]##AI[话题]##Hedge[话题]##Fund[话题]#",,1742804588000,1742804589000,10,10,6,3,"http://sns-webpic-qc.xhscdn.com/202503242140/1580c57ec0ece4c704f31348a2eab8d1/notes_pre_post/1040g3k031fcdbvpf6q4g5ptlitl3jk7h1p79u5g!nd_dft_wlteh_jpg_3,http://sns-webpic-qc.xhscdn.com/202503242140/63f04f9a0f7ab00c9375b680d3bd82c2/notes_pre_post/1040g3k031fcdbvpf6q205ptlitl3jk7hdi5ir30!nd_dft_wlteh_jpg_3,http://sns-webpic-qc.xhscdn.com/202503242140/a3b264a585b433443873329acad6a34b/notes_pre_post/1040g3k031fcdbvpf6q3g5ptlitl3jk7hifoili8!nd_dft_wlteh_jpg_3,http://sns-webpic-qc.xhscdn.com/202503242140/b97ea6dc4d306e6351c93621142d5933/notes_pre_post/1040g3k031fcdbvpf6q405ptlitl3jk7h2krt5r8!nd_dft_wlteh_jpg_3","AI科普,Transformer,深度学习,NLP,科技创新,自注意力机制,自然语言处理,图像分割,机器学习,AI,Hedge,Fund",https://www.xiaohongshu.com/explore/67e1166c000000001c00d7f0?xsec_token=ABuY0oOstP9x-H5FY1X1ZcGK3xTYSMQFh7wFjfRthhJDE=&xsec_source=pc_search,
60dc357f000000000101e752,喷子产品经理,https://sns-avatar-qc.xhscdn.com/avatar/6285a981fb9ec6f8acd03134.jpg,,1742570049680,1742570049568,622df37b00000000010255d2,normal,【小测试】我是否应当入行做产品经理？,"再过六个月就要秋招了，然而互联网产品经理对你而言，真的是一个好的职业方向嘛？来做个小测试吧！
	
欢迎大家分享自己的答案哟。
	
另外 如果你在准备春招，可以找我聊聊。
	
#快速转行做产品经理[话题]#",,1647178619000,1647178826000,10,10,10,10,"http://sns-webpic-qc.xhscdn.com/202503212314/77ae2060dab5d82b2c68e97f59dcfdfc/01023d01kq7w8doth020119urt390zd4c3!nd_dft_wlteh_jpg_3,http://sns-webpic-qc.xhscdn.com/202503212314/32ec1c17934e51327920b2b25f61e7e9/01023d01kq7w8doth020119urt3afecjzs!nd_dft_wlteh_jpg_3,http://sns-webpic-qc.xhscdn.com/202503212314/e5ae6c9f6c4a59b45295ccb299591cd3/01023d01kq7w8doth020119urt3bww2db6!nd_dft_wlteh_jpg_3,http://sns-webpic-qc.xhscdn.com/202503212314/5cdc7b7e0f7e5b022dbafc716daaa371/01023d01kq7w8doth020119urt3cvj4500!nd_dft_wlteh_jpg_3,http://sns-webpic-qc.xhscdn.com/202503212314/226f0672db943ba48b7e306564a9a200/01023d01kq7w8doth020119urt3drou5dh!nd_dft_wlteh_jpg_3,http://sns-webpic-qc.xhscdn.com/202503212314/28574143522342bc88be4566e1d87913/01023d01kq7w8doth02011abtos0368ver!nd_dft_wlteh_jpg_3,http://sns-webpic-qc.xhscdn.com/202503212314/6b32a62c1884377a5d152fbb0d257d64/01023d01kq7w8doth02011abtos164jbrd!nd_dft_wlteh_jpg_3,http://sns-webpic-qc.xhscdn.com/202503212314/9cc04c03a674cbfeff2f530e62b425dd/01023d01kq7w8doth02011abtos2gjfljl!nd_dft_wlteh_jpg_3",快速转行做产品经理,https://www.xiaohongshu.com/explore/622df37b00000000010255d2?xsec_token=ABW4lmFYTf9UVOwf0ItbIPFaz2Jnzkqk42-LV7bKGtEOI=&xsec_source=pc_search,